max,median,90th,subtot,num
179688.71,102388.16,125192.49799999999,13384403.779999994,137.0
221909.81,94398.07,154386.12999999998,21490870.590000007,225.0
235194.22,92374.48000000001,128312.01000000001,138312703.46,1502.0
161804.44,91090.07500000001,116019.378,10340880.95,118.0
215365.46,90005.19,123982.114,50937517.190000005,587.0
186731.39,86785.51,117346.81800000001,39656224.54,493.0
196809.15,86025.64,114689.10800000001,117418209.28999998,1495.0
220000.04,89073.075,127461.135,86389270.27000007,986.0
